{
    "UserAgent": "aws-amplify-cli/0.1.0",
    "Version": "0.1.0",
    "IdentityManager": {
        "Default": {}
    },
    "AppSync": {
        "Default": {
            "ApiUrl": "https://6cmsbvibardhfj3fsqzjv4usvq.appsync-api.us-east-2.amazonaws.com/graphql",
            "Region": "us-east-2",
            "AuthMode": "API_KEY",
            "ApiKey": "da2-qvyumbjllbhorgzbyotdqpw4am",
            "ClientDatabasePrefix": "taskmaster_API_KEY"
        }
    },
    "CredentialsProvider": {
        "CognitoIdentity": {
            "Default": {
                "PoolId": "us-east-2:d3cb2b29-d71b-430e-bb09-99067abbf878",
                "Region": "us-east-2"
            }
        }
    },
    "CognitoUserPool": {
        "Default": {
            "PoolId": "us-east-2_z3k2daAAe",
            "AppClientId": "1d827h2qqdpj2064jd0geums3i",
            "Region": "us-east-2"
        }
    },
    "Auth": {
        "Default": {
            "authenticationFlowType": "USER_SRP_AUTH",
            "loginMechanism": [
                "EMAIL"
            ],
            "signupAttributes": [
                "EMAIL"
            ],
            "passwordProtectionSettings": {
                "passwordPolicyMinLength": 8,
                "passwordPolicyCharacters": []
            },
            "mfaConfiguration": "OFF",
            "mfaTypes": [
                "SMS"
            ]
        }
    },
    "S3TransferUtility": {
        "Default": {
            "Bucket": "taskmaster4af0e7aa82b64e26a633c2a0e1da9d1a143231-dev",
            "Region": "us-east-2"
        }
    },
    "PinpointAnalytics": {
        "Default": {
            "AppId": "d923e4a705704b96909b11e9b32bdca3",
            "Region": "us-east-1"
        }
    },
    "PinpointTargeting": {
        "Default": {
            "Region": "us-east-1"
        }
    }
}