{
  "project_info": {
    "project_number": "409249639944",
    "project_id": "task-master-7508a",
    "storage_bucket": "task-master-7508a.appspot.com"
  },
  "client": [
    {
      "client_info": {
        "mobilesdk_app_id": "1:409249639944:android:e1766d9b12db1ecda2abbd",
        "android_client_info": {
          "package_name": "com.example.taskmaster"
        }
      },
      "oauth_client": [
        {
          "client_id": "409249639944-55962vi97lmf3atucpifsr29v487flt1.apps.googleusercontent.com",
          "client_type": 3
        }
      ],
      "api_key": [
        {
          "current_key": "AIzaSyCSjUOIgo0mL0j55v0jbZgO6CkUkF1etLg"
        }
      ],
      "services": {
        "appinvite_service": {
          "other_platform_oauth_client": [
            {
              "client_id": "409249639944-55962vi97lmf3atucpifsr29v487flt1.apps.googleusercontent.com",
              "client_type": 3
            }
          ]
        }
      }
    }
  ],
  "configuration_version": "1"
}