{
  "providers": {
    "awscloudformation": {
      "AuthRoleName": "amplify-taskmaster-dev-143231-authRole",
      "UnauthRoleArn": "arn:aws:iam::729767840333:role/amplify-taskmaster-dev-143231-unauthRole",
      "AuthRoleArn": "arn:aws:iam::729767840333:role/amplify-taskmaster-dev-143231-authRole",
      "Region": "us-east-2",
      "DeploymentBucketName": "amplify-taskmaster-dev-143231-deployment",
      "UnauthRoleName": "amplify-taskmaster-dev-143231-unauthRole",
      "StackName": "amplify-taskmaster-dev-143231",
      "StackId": "arn:aws:cloudformation:us-east-2:729767840333:stack/amplify-taskmaster-dev-143231/d399dc20-ff4e-11eb-9241-0a69bdd04b28",
      "AmplifyAppId": "d2nq589iqq2caj"
    }
  },
  "api": {
    "taskmaster": {
      "service": "AppSync",
      "providerPlugin": "awscloudformation",
      "output": {
        "authConfig": {
          "defaultAuthentication": {
            "authenticationType": "API_KEY",
            "apiKeyConfig": {
              "apiKeyExpirationDays": 35,
              "description": "mohammad"
            }
          },
          "additionalAuthenticationProviders": []
        },
        "GraphQLAPIIdOutput": "x5w5gug5fneejcyi4qh2gh4flu",
        "GraphQLAPIEndpointOutput": "https://6cmsbvibardhfj3fsqzjv4usvq.appsync-api.us-east-2.amazonaws.com/graphql",
        "GraphQLAPIKeyOutput": "da2-qvyumbjllbhorgzbyotdqpw4am"
      },
      "providerMetadata": {
        "s3TemplateURL": "https://s3.amazonaws.com/amplify-taskmaster-dev-143231-deployment/amplify-cfn-templates/api/cloudformation-template.json",
        "logicalId": "apitaskmaster"
      },
      "lastPushTimeStamp": "2021-08-30T09:26:46.549Z",
      "lastPushDirHash": "7zkYAVaQNw0+drhb6hE+M7tA8tY="
    }
  },
  "auth": {
    "taskmaster62d9bb2c": {
      "service": "Cognito",
      "providerPlugin": "awscloudformation",
      "dependsOn": [],
      "customAuth": false,
      "frontendAuthConfig": {
        "loginMechanism": [
          "EMAIL"
        ],
        "signupAttributes": [
          "EMAIL"
        ],
        "passwordProtectionSettings": {
          "passwordPolicyMinLength": 8,
          "passwordPolicyCharacters": []
        },
        "mfaConfiguration": "OFF",
        "mfaTypes": [
          "SMS"
        ]
      },
      "providerMetadata": {
        "s3TemplateURL": "https://s3.amazonaws.com/amplify-taskmaster-dev-143231-deployment/amplify-cfn-templates/auth/taskmaster62d9bb2c-cloudformation-template.yml",
        "logicalId": "authtaskmaster62d9bb2c"
      },
      "lastPushTimeStamp": "2021-08-30T09:26:39.264Z",
      "output": {
        "UserPoolId": "us-east-2_z3k2daAAe",
        "AppClientIDWeb": "6d10163lla7jcp0q80bq22181k",
        "AppClientID": "1d827h2qqdpj2064jd0geums3i",
        "IdentityPoolId": "us-east-2:d3cb2b29-d71b-430e-bb09-99067abbf878",
        "UserPoolArn": "arn:aws:cognito-idp:us-east-2:729767840333:userpool/us-east-2_z3k2daAAe",
        "IdentityPoolName": "taskmaster62d9bb2c_identitypool_62d9bb2c__dev",
        "UserPoolName": "taskmaster62d9bb2c_userpool_62d9bb2c"
      },
      "lastPushDirHash": "dHiQbNi70jGZZNspZpyMzuwmoN8="
    }
  },
  "storage": {
    "s3b9df4b00": {
      "service": "S3",
      "providerPlugin": "awscloudformation",
      "providerMetadata": {
        "s3TemplateURL": "https://s3.amazonaws.com/amplify-taskmaster-dev-143231-deployment/amplify-cfn-templates/storage/s3-cloudformation-template.json",
        "logicalId": "storages3b9df4b00"
      },
      "lastPushTimeStamp": "2021-08-30T09:26:39.294Z",
      "output": {
        "BucketName": "taskmaster4af0e7aa82b64e26a633c2a0e1da9d1a143231-dev",
        "Region": "us-east-2"
      },
      "lastPushDirHash": "9HJ5+afvAV8t/yMoNWLdWTt51ks="
    }
  },
  "notifications": {
    "taskmaster8J4dK": {
      "service": "Pinpoint",
      "output": {
        "Arn": "arn:aws:mobiletargeting:us-east-1:729767840333:apps/d923e4a705704b96909b11e9b32bdca3",
        "Id": "d923e4a705704b96909b11e9b32bdca3",
        "Name": "taskmaster8J4dK-dev",
        "tags": {},
        "Region": "us-east-1",
        "FCM": {
          "ApplicationId": "d923e4a705704b96909b11e9b32bdca3",
          "CreationDate": "2021-08-24T07:30:46.447Z",
          "Enabled": true,
          "HasCredential": true,
          "Id": "gcm",
          "IsArchived": false,
          "LastModifiedDate": "2021-08-24T07:30:46.447Z",
          "Platform": "GCM",
          "Version": 1
        }
      },
      "lastPushTimeStamp": "2021-08-24T07:30:10.330Z"
    }
  }
}