{
    "api": {
        "taskmaster": {
            "service": "AppSync",
            "providerPlugin": "awscloudformation",
            "output": {
                "authConfig": {
                    "defaultAuthentication": {
                        "authenticationType": "API_KEY",
                        "apiKeyConfig": {
                            "apiKeyExpirationDays": 35,
                            "description": "mohammad"
                        }
                    },
                    "additionalAuthenticationProviders": []
                }
            }
        }
    },
    "auth": {
        "taskmaster62d9bb2c": {
            "service": "Cognito",
            "providerPlugin": "awscloudformation",
            "dependsOn": [],
            "customAuth": false,
            "frontendAuthConfig": {
                "loginMechanism": [
                    "EMAIL"
                ],
                "signupAttributes": [
                    "EMAIL"
                ],
                "passwordProtectionSettings": {
                    "passwordPolicyMinLength": 8,
                    "passwordPolicyCharacters": []
                },
                "mfaConfiguration": "OFF",
                "mfaTypes": [
                    "SMS"
                ]
            }
        }
    },
    "storage": {
        "s3b9df4b00": {
            "service": "S3",
            "providerPlugin": "awscloudformation"
        }
    },
    "notifications": {
        "taskmaster8J4dK": {
            "service": "Pinpoint",
            "channels": [
                "FCM"
            ]
        }
    }
}